test_name,test_type,statistic_name,statistic_value,p_value,effect_size,degrees_of_freedom,sample_size,dependent_variable,grouping_variable,significance_level,interpretation,notes
calculate_civic_character_index,derived_metrics_calculation,result_value,"{'type': 'derived_metrics_calculation', 'success': True, 'calculated_metrics': {'dignity_tribalism_tension': [0.6, 0.675, 0.675, 0.575, 0.775, 0.75, 0.675, 0.325], 'truth_manipulation_tension': [0.6499999999999999, 0.55, 0.625, 0.55, 0.6, 0.7, 0.625, 0.2], 'justice_resentment_tension': [0.7250000000000001, 0.6, 0.75, 0.55, 0.575, 0.65, 0.8, 0.375], 'hope_fear_tension': [0.775, 0.725, 0.775, 0.625, 0.625, 0.8, 0.725, 0.525], 'pragmatism_fantasy_tension': [0.725, 0.625, 0.7749999999999999, 0.7, 0.6000000000000001, 0.65, 0.75, 0.5], 'virtue_index': [0.74, 0.6699999999999999, 0.7200000000000001, 0.53, 0.6799999999999999, 0.6, 0.64, 0.06], 'pathology_index': [0.35, 0.4, 0.27999999999999997, 0.33, 0.41000000000000003, 0.18, 0.21000000000000002, 0.2899999999999999], 'civic_character_index': [0.6950000000000001, 0.635, 0.72, 0.6, 0.635, 0.7100000000000001, 0.7150000000000001, 0.385], 'salience_weighted_civic_character_index': [0.69375, 0.6394736842105263, 0.7237341772151897, 0.6011363636363637, 0.6379032258064516, 0.7216666666666666, 0.7161184210526316, 0.34305555555555556]}, 'successful_calculations': ['dignity_tribalism_tension', 'truth_manipulation_tension', 'justice_resentment_tension', 'hope_fear_tension', 'pragmatism_fantasy_tension', 'virtue_index', 'pathology_index', 'civic_character_index', 'salience_weighted_civic_character_index'], 'failed_calculations': [], 'formulas_used': ['dignity_tribalism_tension', 'truth_manipulation_tension', 'justice_resentment_tension', 'hope_fear_tension', 'pragmatism_fantasy_tension', 'civic_character_index', 'salience_weighted_civic_character_index', 'virtue_index', 'pathology_index'], 'input_columns': ['dignity_score', 'tribalism_score', 'truth_score', 'manipulation_score', 'justice_score', 'resentment_score', 'hope_score', 'fear_score', 'pragmatism_score', 'fantasy_score', 'dignity_salience', 'tribalism_salience', 'truth_salience', 'manipulation_salience', 'justice_salience', 'resentment_salience', 'hope_salience', 'fear_salience', 'pragmatism_salience', 'fantasy_salience'], 'total_metrics': 9, 'success_rate': 1.0, 'calculation_source': 'framework_calculation_spec', 'provenance': {'input_columns': ['dignity_score', 'tribalism_score', 'truth_score', 'manipulation_score', 'justice_score', 'resentment_score', 'hope_score', 'fear_score', 'pragmatism_score', 'fantasy_score', 'dignity_salience', 'tribalism_salience', 'truth_salience', 'manipulation_salience', 'justice_salience', 'resentment_salience', 'hope_salience', 'fear_salience', 'pragmatism_salience', 'fantasy_salience'], 'input_document_ids': ['alexandria_ocasio_cortez_2025_fighting_oligarchy.txt', 'bernie_sanders_2025_fighting_oligarchy.txt', 'cory_booker_2018_first_step_act.txt', 'jd_vance_2022_natcon_conference.txt', 'john_lewis_1963_march_on_washington.txt', 'john_mccain_2008_concession.txt', 'mitt_romney_2020_impeachment.txt', 'steve_king_2017_house_floor.txt'], 'filter_conditions': 'None'}}",,,,,,,,Generic derived_metrics_calculation result,
calculate_virtue_pathology_indices,derived_metrics_calculation,result_value,"{'type': 'derived_metrics_calculation', 'success': True, 'calculated_metrics': {'dignity_tribalism_tension': [0.6, 0.675, 0.675, 0.575, 0.775, 0.75, 0.675, 0.325], 'truth_manipulation_tension': [0.6499999999999999, 0.55, 0.625, 0.55, 0.6, 0.7, 0.625, 0.2], 'justice_resentment_tension': [0.7250000000000001, 0.6, 0.75, 0.55, 0.575, 0.65, 0.8, 0.375], 'hope_fear_tension': [0.775, 0.725, 0.775, 0.625, 0.625, 0.8, 0.725, 0.525], 'pragmatism_fantasy_tension': [0.725, 0.625, 0.7749999999999999, 0.7, 0.6000000000000001, 0.65, 0.75, 0.5], 'virtue_index': [0.74, 0.6699999999999999, 0.7200000000000001, 0.53, 0.6799999999999999, 0.6, 0.64, 0.06], 'pathology_index': [0.35, 0.4, 0.27999999999999997, 0.33, 0.41000000000000003, 0.18, 0.21000000000000002, 0.2899999999999999], 'civic_character_index': [0.6950000000000001, 0.635, 0.72, 0.6, 0.635, 0.7100000000000001, 0.7150000000000001, 0.385]}, 'successful_calculations': ['dignity_tribalism_tension', 'truth_manipulation_tension', 'justice_resentment_tension', 'hope_fear_tension', 'pragmatism_fantasy_tension', 'virtue_index', 'pathology_index', 'civic_character_index'], 'failed_calculations': [{'metric': 'salience_weighted_civic_character_index', 'formula': '(dignity_tribalism_tension * dignity_salience + truth_manipulation_tension * truth_salience + justice_resentment_tension * justice_salience + hope_fear_tension * hope_salience + pragmatism_fantasy_tension * pragmatism_salience) / (dignity_salience + truth_salience + justice_salience + hope_salience + pragmatism_salience)', 'error': ""name 'dignity_salience' is not defined""}], 'formulas_used': ['dignity_tribalism_tension', 'truth_manipulation_tension', 'justice_resentment_tension', 'hope_fear_tension', 'pragmatism_fantasy_tension', 'civic_character_index', 'salience_weighted_civic_character_index', 'virtue_index', 'pathology_index'], 'input_columns': ['dignity_score', 'tribalism_score', 'truth_score', 'manipulation_score', 'justice_score', 'resentment_score', 'hope_score', 'fear_score', 'pragmatism_score', 'fantasy_score'], 'total_metrics': 9, 'success_rate': 0.8888888888888888, 'calculation_source': 'framework_calculation_spec', 'provenance': {'input_columns': ['dignity_score', 'tribalism_score', 'truth_score', 'manipulation_score', 'justice_score', 'resentment_score', 'hope_score', 'fear_score', 'pragmatism_score', 'fantasy_score'], 'input_document_ids': ['alexandria_ocasio_cortez_2025_fighting_oligarchy.txt', 'bernie_sanders_2025_fighting_oligarchy.txt', 'cory_booker_2018_first_step_act.txt', 'jd_vance_2022_natcon_conference.txt', 'john_lewis_1963_march_on_washington.txt', 'john_mccain_2008_concession.txt', 'mitt_romney_2020_impeachment.txt', 'steve_king_2017_house_floor.txt'], 'filter_conditions': 'None'}}",,,,,,,,Generic derived_metrics_calculation result,
calculate_tension_scores,derived_metrics_calculation,result_value,"{'type': 'derived_metrics_calculation', 'success': True, 'calculated_metrics': {'dignity_tribalism_tension': [0.6, 0.675, 0.675, 0.575, 0.775, 0.75, 0.675, 0.325], 'truth_manipulation_tension': [0.6499999999999999, 0.55, 0.625, 0.55, 0.6, 0.7, 0.625, 0.2], 'justice_resentment_tension': [0.7250000000000001, 0.6, 0.75, 0.55, 0.575, 0.65, 0.8, 0.375], 'hope_fear_tension': [0.775, 0.725, 0.775, 0.625, 0.625, 0.8, 0.725, 0.525], 'pragmatism_fantasy_tension': [0.725, 0.625, 0.7749999999999999, 0.7, 0.6000000000000001, 0.65, 0.75, 0.5], 'virtue_index': [0.74, 0.6699999999999999, 0.7200000000000001, 0.53, 0.6799999999999999, 0.6, 0.64, 0.06], 'pathology_index': [0.35, 0.4, 0.27999999999999997, 0.33, 0.41000000000000003, 0.18, 0.21000000000000002, 0.2899999999999999], 'civic_character_index': [0.6950000000000001, 0.635, 0.72, 0.6, 0.635, 0.7100000000000001, 0.7150000000000001, 0.385]}, 'successful_calculations': ['dignity_tribalism_tension', 'truth_manipulation_tension', 'justice_resentment_tension', 'hope_fear_tension', 'pragmatism_fantasy_tension', 'virtue_index', 'pathology_index', 'civic_character_index'], 'failed_calculations': [{'metric': 'salience_weighted_civic_character_index', 'formula': '(dignity_tribalism_tension * dignity_salience + truth_manipulation_tension * truth_salience + justice_resentment_tension * justice_salience + hope_fear_tension * hope_salience + pragmatism_fantasy_tension * pragmatism_salience) / (dignity_salience + truth_salience + justice_salience + hope_salience + pragmatism_salience)', 'error': ""name 'dignity_salience' is not defined""}], 'formulas_used': ['dignity_tribalism_tension', 'truth_manipulation_tension', 'justice_resentment_tension', 'hope_fear_tension', 'pragmatism_fantasy_tension', 'civic_character_index', 'salience_weighted_civic_character_index', 'virtue_index', 'pathology_index'], 'input_columns': ['dignity_score', 'tribalism_score', 'truth_score', 'manipulation_score', 'justice_score', 'resentment_score', 'hope_score', 'fear_score', 'pragmatism_score', 'fantasy_score'], 'total_metrics': 9, 'success_rate': 0.8888888888888888, 'calculation_source': 'framework_calculation_spec', 'provenance': {'input_columns': ['dignity_score', 'tribalism_score', 'truth_score', 'manipulation_score', 'justice_score', 'resentment_score', 'hope_score', 'fear_score', 'pragmatism_score', 'fantasy_score'], 'input_document_ids': ['alexandria_ocasio_cortez_2025_fighting_oligarchy.txt', 'bernie_sanders_2025_fighting_oligarchy.txt', 'cory_booker_2018_first_step_act.txt', 'jd_vance_2022_natcon_conference.txt', 'john_lewis_1963_march_on_washington.txt', 'john_mccain_2008_concession.txt', 'mitt_romney_2020_impeachment.txt', 'steve_king_2017_house_floor.txt'], 'filter_conditions': 'None'}}",,,,,,,,Generic derived_metrics_calculation result,
validate_derived_metrics,metric_validation,result_value,"{'type': 'metric_validation', 'validation_rules': ['missing_data_check', 'range_check', 'consistency_check'], 'results': {'missing_data_check': {'status': 'completed', 'missing_data_by_column': {'aid': 0, 'expert_categorization': 0, 'political_party': 0, 'speaker': 0, 'leadership_type': 0, 'date': 0, 'era': 0, 'ideology': 0, 'context': 0, 'dignity_score': 0, 'tribalism_score': 0, 'dignity_salience': 0, 'tribalism_salience': 0, 'dignity_confidence': 0, 'tribalism_confidence': 0, 'truth_score': 0, 'manipulation_score': 0, 'truth_salience': 0, 'manipulation_salience': 0, 'truth_confidence': 0, 'manipulation_confidence': 0, 'justice_score': 0, 'resentment_score': 0, 'justice_salience': 0, 'resentment_salience': 0, 'justice_confidence': 0, 'resentment_confidence': 0, 'hope_score': 0, 'fear_score': 0, 'hope_salience': 0, 'fear_salience': 0, 'hope_confidence': 0, 'fear_confidence': 0, 'pragmatism_score': 0, 'fantasy_score': 0, 'pragmatism_salience': 0, 'fantasy_salience': 0, 'pragmatism_confidence': 0, 'fantasy_confidence': 0, 'gasket_version': 0, 'extraction_time_seconds': 0, 'dignity_tribalism_tension': 0, 'truth_manipulation_tension': 0, 'justice_resentment_tension': 0, 'hope_fear_tension': 0, 'pragmatism_fantasy_tension': 0, 'virtue_index': 0, 'pathology_index': 0, 'civic_character_index': 0, 'salience_weighted_civic_character_index': 0}, 'total_missing': 0}, 'range_check': {'status': 'completed', 'ranges': {'dignity_score': {'min': 0.0, 'max': 0.85, 'mean': 0.6625}, 'tribalism_score': {'min': 0.25, 'max': 0.65, 'mean': 0.4}, 'dignity_salience': {'min': 0.3, 'max': 0.85, 'mean': 0.69375}, 'tribalism_salience': {'min': 0.3, 'max': 0.7, 'mean': 0.54375}, 'dignity_confidence': {'min': 0.7, 'max': 0.9, 'mean': 0.8375}, 'tribalism_confidence': {'min': 0.7, 'max': 0.85, 'mean': 0.7749999999999999}, 'truth_score': {'min': 0.1, 'max': 0.7, 'mean': 0.5437500000000001}, 'manipulation_score': {'min': 0.2, 'max': 0.7, 'mean': 0.41875}, 'truth_salience': {'min': 0.2, 'max': 0.75, 'mean': 0.575}, 'manipulation_salience': {'min': 0.3, 'max': 0.8, 'mean': 0.575}, 'truth_confidence': {'min': 0.6, 'max': 0.9, 'mean': 0.76875}, 'manipulation_confidence': {'min': 0.55, 'max': 0.9, 'mean': 0.75}, 'justice_score': {'min': 0.15, 'max': 0.85, 'mean': 0.6125}, 'resentment_score': {'min': 0.1, 'max': 0.7, 'mean': 0.35625}, 'justice_salience': {'min': 0.25, 'max': 0.9, 'mean': 0.68125}, 'resentment_salience': {'min': 0.2, 'max': 0.8, 'mean': 0.48124999999999996}, 'justice_confidence': {'min': 0.65, 'max': 0.95, 'mean': 0.8374999999999999}, 'resentment_confidence': {'min': 0.6, 'max': 0.9, 'mean': 0.7124999999999999}, 'hope_score': {'min': 0.05, 'max': 0.75, 'mean': 0.59375}, 'fear_score': {'min': 0.0, 'max': 0.5, 'mean': 0.2}, 'hope_salience': {'min': 0.1, 'max': 0.85, 'mean': 0.65625}, 'fear_salience': {'min': 0.05, 'max': 0.4, 'mean': 0.25}, 'hope_confidence': {'min': 0.6, 'max': 0.9, 'mean': 0.8125}, 'fear_confidence': {'min': 0.5, 'max': 0.7, 'mean': 0.575}, 'pragmatism_score': {'min': 0.0, 'max': 0.7, 'mean': 0.4875}, 'fantasy_score': {'min': 0.0, 'max': 0.25, 'mean': 0.15625}, 'pragmatism_salience': {'min': 0.05, 'max': 0.75, 'mean': 0.5249999999999999}, 'fantasy_salience': {'min': 0.05, 'max': 0.35, 'mean': 0.21250000000000002}, 'pragmatism_confidence': {'min': 0.5, 'max': 0.85, 'mean': 0.73125}, 'fantasy_confidence': {'min': 0.4, 'max': 0.65, 'mean': 0.54375}, 'extraction_time_seconds': {'min': 1.2555959224700928, 'max': 1.399479866027832, 'mean': 1.3063556849956512}, 'dignity_tribalism_tension': {'min': 0.325, 'max': 0.775, 'mean': 0.63125}, 'truth_manipulation_tension': {'min': 0.2, 'max': 0.7, 'mean': 0.5625}, 'justice_resentment_tension': {'min': 0.375, 'max': 0.8, 'mean': 0.628125}, 'hope_fear_tension': {'min': 0.525, 'max': 0.8, 'mean': 0.6968749999999999}, 'pragmatism_fantasy_tension': {'min': 0.5, 'max': 0.7749999999999999, 'mean': 0.665625}, 'virtue_index': {'min': 0.06, 'max': 0.74, 'mean': 0.58}, 'pathology_index': {'min': 0.18, 'max': 0.41000000000000003, 'mean': 0.30625}, 'civic_character_index': {'min': 0.385, 'max': 0.72, 'mean': 0.6368750000000001}, 'salience_weighted_civic_character_index': {'min': 0.34305555555555556, 'max': 0.7237341772151897, 'mean': 0.6346047617679231}}}, 'consistency_check': {'status': 'completed', 'notes': 'Basic consistency check completed'}}, 'quality_thresholds': {'missing_data_check': {'max_allowed_missing_percentage': 0.05}, 'range_check': {'civic_character_index': {'min': 0.0, 'max': 1.0}, 'virtue_index': {'min': 0.0, 'max': 1.0}, 'pathology_index': {'min': 0.0, 'max': 1.0}}, 'consistency_check': {'civic_character_index': 'derived_from_tension_scores'}}, 'provenance': {'input_columns': ['missing_data_check', 'range_check', 'consistency_check'], 'input_document_ids': ['alexandria_ocasio_cortez_2025_fighting_oligarchy.txt', 'bernie_sanders_2025_fighting_oligarchy.txt', 'cory_booker_2018_first_step_act.txt', 'jd_vance_2022_natcon_conference.txt', 'john_lewis_1963_march_on_washington.txt', 'john_mccain_2008_concession.txt', 'mitt_romney_2020_impeachment.txt', 'steve_king_2017_house_floor.txt'], 'filter_conditions': 'Validation rules applied as specified'}}",,,,,,,,Generic metric_validation result,
describe_dimensions_by_speaker,descriptive_stats_grouped,result_value,"{'type': 'descriptive_stats_grouped', 'grouping_variable': 'speaker', 'groups': {'Alexandria Ocasio-Cortez': {'dignity_score': {'count': 1, 'mean': 0.85, 'std': nan, 'min': 0.85, 'max': 0.85, 'data_type': 'numerical'}, 'tribalism_score': {'count': 1, 'mean': 0.65, 'std': nan, 'min': 0.65, 'max': 0.65, 'data_type': 'numerical'}, 'truth_score': {'count': 1, 'mean': 0.7, 'std': nan, 'min': 0.7, 'max': 0.7, 'data_type': 'numerical'}, 'manipulation_score': {'count': 1, 'mean': 0.4, 'std': nan, 'min': 0.4, 'max': 0.4, 'data_type': 'numerical'}, 'justice_score': {'count': 1, 'mean': 0.8, 'std': nan, 'min': 0.8, 'max': 0.8, 'data_type': 'numerical'}, 'resentment_score': {'count': 1, 'mean': 0.35, 'std': nan, 'min': 0.35, 'max': 0.35, 'data_type': 'numerical'}, 'hope_score': {'count': 1, 'mean': 0.75, 'std': nan, 'min': 0.75, 'max': 0.75, 'data_type': 'numerical'}, 'fear_score': {'count': 1, 'mean': 0.2, 'std': nan, 'min': 0.2, 'max': 0.2, 'data_type': 'numerical'}, 'pragmatism_score': {'count': 1, 'mean': 0.6, 'std': nan, 'min': 0.6, 'max': 0.6, 'data_type': 'numerical'}, 'fantasy_score': {'count': 1, 'mean': 0.15, 'std': nan, 'min': 0.15, 'max': 0.15, 'data_type': 'numerical'}}, 'Bernie Sanders': {'dignity_score': {'count': 1, 'mean': 0.75, 'std': nan, 'min': 0.75, 'max': 0.75, 'data_type': 'numerical'}, 'tribalism_score': {'count': 1, 'mean': 0.4, 'std': nan, 'min': 0.4, 'max': 0.4, 'data_type': 'numerical'}, 'truth_score': {'count': 1, 'mean': 0.65, 'std': nan, 'min': 0.65, 'max': 0.65, 'data_type': 'numerical'}, 'manipulation_score': {'count': 1, 'mean': 0.55, 'std': nan, 'min': 0.55, 'max': 0.55, 'data_type': 'numerical'}, 'justice_score': {'count': 1, 'mean': 0.7, 'std': nan, 'min': 0.7, 'max': 0.7, 'data_type': 'numerical'}, 'resentment_score': {'count': 1, 'mean': 0.5, 'std': nan, 'min': 0.5, 'max': 0.5, 'data_type': 'numerical'}, 'hope_score': {'count': 1, 'mean': 0.75, 'std': nan, 'min': 0.75, 'max': 0.75, 'data_type': 'numerical'}, 'fear_score': {'count': 1, 'mean': 0.3, 'std': nan, 'min': 0.3, 'max': 0.3, 'data_type': 'numerical'}, 'pragmatism_score': {'count': 1, 'mean': 0.5, 'std': nan, 'min': 0.5, 'max': 0.5, 'data_type': 'numerical'}, 'fantasy_score': {'count': 1, 'mean': 0.25, 'std': nan, 'min': 0.25, 'max': 0.25, 'data_type': 'numerical'}}, 'Cory Booker': {'dignity_score': {'count': 1, 'mean': 0.7, 'std': nan, 'min': 0.7, 'max': 0.7, 'data_type': 'numerical'}, 'tribalism_score': {'count': 1, 'mean': 0.35, 'std': nan, 'min': 0.35, 'max': 0.35, 'data_type': 'numerical'}, 'truth_score': {'count': 1, 'mean': 0.65, 'std': nan, 'min': 0.65, 'max': 0.65, 'data_type': 'numerical'}, 'manipulation_score': {'count': 1, 'mean': 0.4, 'std': nan, 'min': 0.4, 'max': 0.4, 'data_type': 'numerical'}, 'justice_score': {'count': 1, 'mean': 0.8, 'std': nan, 'min': 0.8, 'max': 0.8, 'data_type': 'numerical'}, 'resentment_score': {'count': 1, 'mean': 0.3, 'std': nan, 'min': 0.3, 'max': 0.3, 'data_type': 'numerical'}, 'hope_score': {'count': 1, 'mean': 0.75, 'std': nan, 'min': 0.75, 'max': 0.75, 'data_type': 'numerical'}, 'fear_score': {'count': 1, 'mean': 0.2, 'std': nan, 'min': 0.2, 'max': 0.2, 'data_type': 'numerical'}, 'pragmatism_score': {'count': 1, 'mean': 0.7, 'std': nan, 'min': 0.7, 'max': 0.7, 'data_type': 'numerical'}, 'fantasy_score': {'count': 1, 'mean': 0.15, 'std': nan, 'min': 0.15, 'max': 0.15, 'data_type': 'numerical'}}, 'J.D. Vance': {'dignity_score': {'count': 1, 'mean': 0.7, 'std': nan, 'min': 0.7, 'max': 0.7, 'data_type': 'numerical'}, 'tribalism_score': {'count': 1, 'mean': 0.55, 'std': nan, 'min': 0.55, 'max': 0.55, 'data_type': 'numerical'}, 'truth_score': {'count': 1, 'mean': 0.4, 'std': nan, 'min': 0.4, 'max': 0.4, 'data_type': 'numerical'}, 'manipulation_score': {'count': 1, 'mean': 0.3, 'std': nan, 'min': 0.3, 'max': 0.3, 'data_type': 'numerical'}, 'justice_score': {'count': 1, 'mean': 0.45, 'std': nan, 'min': 0.45, 'max': 0.45, 'data_type': 'numerical'}, 'resentment_score': {'count': 1, 'mean': 0.35, 'std': nan, 'min': 0.35, 'max': 0.35, 'data_type': 'numerical'}, 'hope_score': {'count': 1, 'mean': 0.5, 'std': nan, 'min': 0.5, 'max': 0.5, 'data_type': 'numerical'}, 'fear_score': {'count': 1, 'mean': 0.25, 'std': nan, 'min': 0.25, 'max': 0.25, 'data_type': 'numerical'}, 'pragmatism_score': {'count': 1, 'mean': 0.6, 'std': nan, 'min': 0.6, 'max': 0.6, 'data_type': 'numerical'}, 'fantasy_score': {'count': 1, 'mean': 0.2, 'std': nan, 'min': 0.2, 'max': 0.2, 'data_type': 'numerical'}}, 'John Lewis': {'dignity_score': {'count': 1, 'mean': 0.8, 'std': nan, 'min': 0.8, 'max': 0.8, 'data_type': 'numerical'}, 'tribalism_score': {'count': 1, 'mean': 0.25, 'std': nan, 'min': 0.25, 'max': 0.25, 'data_type': 'numerical'}, 'truth_score': {'count': 1, 'mean': 0.6, 'std': nan, 'min': 0.6, 'max': 0.6, 'data_type': 'numerical'}, 'manipulation_score': {'count': 1, 'mean': 0.4, 'std': nan, 'min': 0.4, 'max': 0.4, 'data_type': 'numerical'}, 'justice_score': {'count': 1, 'mean': 0.85, 'std': nan, 'min': 0.85, 'max': 0.85, 'data_type': 'numerical'}, 'resentment_score': {'count': 1, 'mean': 0.7, 'std': nan, 'min': 0.7, 'max': 0.7, 'data_type': 'numerical'}, 'hope_score': {'count': 1, 'mean': 0.75, 'std': nan, 'min': 0.75, 'max': 0.75, 'data_type': 'numerical'}, 'fear_score': {'count': 1, 'mean': 0.5, 'std': nan, 'min': 0.5, 'max': 0.5, 'data_type': 'numerical'}, 'pragmatism_score': {'count': 1, 'mean': 0.4, 'std': nan, 'min': 0.4, 'max': 0.4, 'data_type': 'numerical'}, 'fantasy_score': {'count': 1, 'mean': 0.2, 'std': nan, 'min': 0.2, 'max': 0.2, 'data_type': 'numerical'}}, 'John McCain': {'dignity_score': {'count': 1, 'mean': 0.8, 'std': nan, 'min': 0.8, 'max': 0.8, 'data_type': 'numerical'}, 'tribalism_score': {'count': 1, 'mean': 0.3, 'std': nan, 'min': 0.3, 'max': 0.3, 'data_type': 'numerical'}, 'truth_score': {'count': 1, 'mean': 0.6, 'std': nan, 'min': 0.6, 'max': 0.6, 'data_type': 'numerical'}, 'manipulation_score': {'count': 1, 'mean': 0.2, 'std': nan, 'min': 0.2, 'max': 0.2, 'data_type': 'numerical'}, 'justice_score': {'count': 1, 'mean': 0.4, 'std': nan, 'min': 0.4, 'max': 0.4, 'data_type': 'numerical'}, 'resentment_score': {'count': 1, 'mean': 0.1, 'std': nan, 'min': 0.1, 'max': 0.1, 'data_type': 'numerical'}, 'hope_score': {'count': 1, 'mean': 0.7, 'std': nan, 'min': 0.7, 'max': 0.7, 'data_type': 'numerical'}, 'fear_score': {'count': 1, 'mean': 0.1, 'std': nan, 'min': 0.1, 'max': 0.1, 'data_type': 'numerical'}, 'pragmatism_score': {'count': 1, 'mean': 0.5, 'std': nan, 'min': 0.5, 'max': 0.5, 'data_type': 'numerical'}, 'fantasy_score': {'count': 1, 'mean': 0.2, 'std': nan, 'min': 0.2, 'max': 0.2, 'data_type': 'numerical'}}, 'Mitt Romney': {'dignity_score': {'count': 1, 'mean': 0.7, 'std': nan, 'min': 0.7, 'max': 0.7, 'data_type': 'numerical'}, 'tribalism_score': {'count': 1, 'mean': 0.35, 'std': nan, 'min': 0.35, 'max': 0.35, 'data_type': 'numerical'}, 'truth_score': {'count': 1, 'mean': 0.65, 'std': nan, 'min': 0.65, 'max': 0.65, 'data_type': 'numerical'}, 'manipulation_score': {'count': 1, 'mean': 0.4, 'std': nan, 'min': 0.4, 'max': 0.4, 'data_type': 'numerical'}, 'justice_score': {'count': 1, 'mean': 0.75, 'std': nan, 'min': 0.75, 'max': 0.75, 'data_type': 'numerical'}, 'resentment_score': {'count': 1, 'mean': 0.15, 'std': nan, 'min': 0.15, 'max': 0.15, 'data_type': 'numerical'}, 'hope_score': {'count': 1, 'mean': 0.5, 'std': nan, 'min': 0.5, 'max': 0.5, 'data_type': 'numerical'}, 'fear_score': {'count': 1, 'mean': 0.05, 'std': nan, 'min': 0.05, 'max': 0.05, 'data_type': 'numerical'}, 'pragmatism_score': {'count': 1, 'mean': 0.6, 'std': nan, 'min': 0.6, 'max': 0.6, 'data_type': 'numerical'}, 'fantasy_score': {'count': 1, 'mean': 0.1, 'std': nan, 'min': 0.1, 'max': 0.1, 'data_type': 'numerical'}}, 'Steve King': {'dignity_score': {'count': 1, 'mean': 0.0, 'std': nan, 'min': 0.0, 'max': 0.0, 'data_type': 'numerical'}, 'tribalism_score': {'count': 1, 'mean': 0.35, 'std': nan, 'min': 0.35, 'max': 0.35, 'data_type': 'numerical'}, 'truth_score': {'count': 1, 'mean': 0.1, 'std': nan, 'min': 0.1, 'max': 0.1, 'data_type': 'numerical'}, 'manipulation_score': {'count': 1, 'mean': 0.7, 'std': nan, 'min': 0.7, 'max': 0.7, 'data_type': 'numerical'}, 'justice_score': {'count': 1, 'mean': 0.15, 'std': nan, 'min': 0.15, 'max': 0.15, 'data_type': 'numerical'}, 'resentment_score': {'count': 1, 'mean': 0.4, 'std': nan, 'min': 0.4, 'max': 0.4, 'data_type': 'numerical'}, 'hope_score': {'count': 1, 'mean': 0.05, 'std': nan, 'min': 0.05, 'max': 0.05, 'data_type': 'numerical'}, 'fear_score': {'count': 1, 'mean': 0.0, 'std': nan, 'min': 0.0, 'max': 0.0, 'data_type': 'numerical'}, 'pragmatism_score': {'count': 1, 'mean': 0.0, 'std': nan, 'min': 0.0, 'max': 0.0, 'data_type': 'numerical'}, 'fantasy_score': {'count': 1, 'mean': 0.0, 'std': nan, 'min': 0.0, 'max': 0.0, 'data_type': 'numerical'}}}, 'provenance': {'input_columns': ['dignity_score', 'tribalism_score', 'truth_score', 'manipulation_score', 'justice_score', 'resentment_score', 'hope_score', 'fear_score', 'pragmatism_score', 'fantasy_score', 'speaker'], 'input_document_ids': ['alexandria_ocasio_cortez_2025_fighting_oligarchy.txt', 'bernie_sanders_2025_fighting_oligarchy.txt', 'cory_booker_2018_first_step_act.txt', 'jd_vance_2022_natcon_conference.txt', 'john_lewis_1963_march_on_washington.txt', 'john_mccain_2008_concession.txt', 'mitt_romney_2020_impeachment.txt', 'steve_king_2017_house_floor.txt'], 'filter_conditions': 'Grouped by speaker'}}",,,,,,,,Generic descriptive_stats_grouped result,
describe_derived_metrics_by_speaker,descriptive_stats_grouped,result_value,"{'type': 'descriptive_stats_grouped', 'grouping_variable': 'speaker', 'groups': {'Alexandria Ocasio-Cortez': {'civic_character_index': {'count': 1, 'mean': 0.6950000000000001, 'std': nan, 'min': 0.6950000000000001, 'max': 0.6950000000000001, 'data_type': 'numerical'}, 'virtue_index': {'count': 1, 'mean': 0.74, 'std': nan, 'min': 0.74, 'max': 0.74, 'data_type': 'numerical'}, 'pathology_index': {'count': 1, 'mean': 0.35, 'std': nan, 'min': 0.35, 'max': 0.35, 'data_type': 'numerical'}}, 'Bernie Sanders': {'civic_character_index': {'count': 1, 'mean': 0.635, 'std': nan, 'min': 0.635, 'max': 0.635, 'data_type': 'numerical'}, 'virtue_index': {'count': 1, 'mean': 0.6699999999999999, 'std': nan, 'min': 0.6699999999999999, 'max': 0.6699999999999999, 'data_type': 'numerical'}, 'pathology_index': {'count': 1, 'mean': 0.4, 'std': nan, 'min': 0.4, 'max': 0.4, 'data_type': 'numerical'}}, 'Cory Booker': {'civic_character_index': {'count': 1, 'mean': 0.72, 'std': nan, 'min': 0.72, 'max': 0.72, 'data_type': 'numerical'}, 'virtue_index': {'count': 1, 'mean': 0.7200000000000001, 'std': nan, 'min': 0.7200000000000001, 'max': 0.7200000000000001, 'data_type': 'numerical'}, 'pathology_index': {'count': 1, 'mean': 0.27999999999999997, 'std': nan, 'min': 0.27999999999999997, 'max': 0.27999999999999997, 'data_type': 'numerical'}}, 'J.D. Vance': {'civic_character_index': {'count': 1, 'mean': 0.6, 'std': nan, 'min': 0.6, 'max': 0.6, 'data_type': 'numerical'}, 'virtue_index': {'count': 1, 'mean': 0.53, 'std': nan, 'min': 0.53, 'max': 0.53, 'data_type': 'numerical'}, 'pathology_index': {'count': 1, 'mean': 0.33, 'std': nan, 'min': 0.33, 'max': 0.33, 'data_type': 'numerical'}}, 'John Lewis': {'civic_character_index': {'count': 1, 'mean': 0.635, 'std': nan, 'min': 0.635, 'max': 0.635, 'data_type': 'numerical'}, 'virtue_index': {'count': 1, 'mean': 0.6799999999999999, 'std': nan, 'min': 0.6799999999999999, 'max': 0.6799999999999999, 'data_type': 'numerical'}, 'pathology_index': {'count': 1, 'mean': 0.41000000000000003, 'std': nan, 'min': 0.41000000000000003, 'max': 0.41000000000000003, 'data_type': 'numerical'}}, 'John McCain': {'civic_character_index': {'count': 1, 'mean': 0.7100000000000001, 'std': nan, 'min': 0.7100000000000001, 'max': 0.7100000000000001, 'data_type': 'numerical'}, 'virtue_index': {'count': 1, 'mean': 0.6, 'std': nan, 'min': 0.6, 'max': 0.6, 'data_type': 'numerical'}, 'pathology_index': {'count': 1, 'mean': 0.18, 'std': nan, 'min': 0.18, 'max': 0.18, 'data_type': 'numerical'}}, 'Mitt Romney': {'civic_character_index': {'count': 1, 'mean': 0.7150000000000001, 'std': nan, 'min': 0.7150000000000001, 'max': 0.7150000000000001, 'data_type': 'numerical'}, 'virtue_index': {'count': 1, 'mean': 0.64, 'std': nan, 'min': 0.64, 'max': 0.64, 'data_type': 'numerical'}, 'pathology_index': {'count': 1, 'mean': 0.21000000000000002, 'std': nan, 'min': 0.21000000000000002, 'max': 0.21000000000000002, 'data_type': 'numerical'}}, 'Steve King': {'civic_character_index': {'count': 1, 'mean': 0.385, 'std': nan, 'min': 0.385, 'max': 0.385, 'data_type': 'numerical'}, 'virtue_index': {'count': 1, 'mean': 0.06, 'std': nan, 'min': 0.06, 'max': 0.06, 'data_type': 'numerical'}, 'pathology_index': {'count': 1, 'mean': 0.2899999999999999, 'std': nan, 'min': 0.2899999999999999, 'max': 0.2899999999999999, 'data_type': 'numerical'}}}, 'provenance': {'input_columns': ['civic_character_index', 'virtue_index', 'pathology_index', 'speaker'], 'input_document_ids': ['alexandria_ocasio_cortez_2025_fighting_oligarchy.txt', 'bernie_sanders_2025_fighting_oligarchy.txt', 'cory_booker_2018_first_step_act.txt', 'jd_vance_2022_natcon_conference.txt', 'john_lewis_1963_march_on_washington.txt', 'john_mccain_2008_concession.txt', 'mitt_romney_2020_impeachment.txt', 'steve_king_2017_house_floor.txt'], 'filter_conditions': 'Grouped by speaker'}}",,,,,,,,Generic descriptive_stats_grouped result,
test_speaker_differentiation_anova,one_way_anova,F_statistic,nan,nan,,,,dignity_score,speaker,p >= 0.05,,
test_speaker_differentiation_tribalism_anova,one_way_anova,F_statistic,nan,nan,,,,tribalism_score,speaker,p >= 0.05,,
test_speaker_differentiation_truth_anova,one_way_anova,F_statistic,nan,nan,,,,truth_score,speaker,p >= 0.05,,
test_speaker_differentiation_manipulation_anova,one_way_anova,F_statistic,nan,nan,,,,manipulation_score,speaker,p >= 0.05,,
test_speaker_differentiation_justice_anova,one_way_anova,F_statistic,nan,nan,,,,justice_score,speaker,p >= 0.05,,
test_speaker_differentiation_resentment_anova,one_way_anova,F_statistic,nan,nan,,,,resentment_score,speaker,p >= 0.05,,
test_speaker_differentiation_hope_anova,one_way_anova,F_statistic,nan,nan,,,,hope_score,speaker,p >= 0.05,,
test_speaker_differentiation_fear_anova,one_way_anova,F_statistic,nan,nan,,,,fear_score,speaker,p >= 0.05,,
test_speaker_differentiation_pragmatism_anova,one_way_anova,F_statistic,nan,nan,,,,pragmatism_score,speaker,p >= 0.05,,
test_speaker_differentiation_fantasy_anova,one_way_anova,F_statistic,nan,nan,,,,fantasy_score,speaker,p >= 0.05,,
test_speaker_differentiation_civic_index_anova,one_way_anova,F_statistic,nan,nan,,,,civic_character_index,speaker,p >= 0.05,,
analyze_mc_sci_coherence_patterns_by_speaker,descriptive_stats_grouped,result_value,"{'type': 'descriptive_stats_grouped', 'grouping_variable': 'speaker', 'groups': {'Alexandria Ocasio-Cortez': {'civic_character_index': {'count': 1, 'mean': 0.6950000000000001, 'std': nan, 'min': 0.6950000000000001, 'max': 0.6950000000000001, 'data_type': 'numerical'}, 'virtue_index': {'count': 1, 'mean': 0.74, 'std': nan, 'min': 0.74, 'max': 0.74, 'data_type': 'numerical'}, 'pathology_index': {'count': 1, 'mean': 0.35, 'std': nan, 'min': 0.35, 'max': 0.35, 'data_type': 'numerical'}}, 'Bernie Sanders': {'civic_character_index': {'count': 1, 'mean': 0.635, 'std': nan, 'min': 0.635, 'max': 0.635, 'data_type': 'numerical'}, 'virtue_index': {'count': 1, 'mean': 0.6699999999999999, 'std': nan, 'min': 0.6699999999999999, 'max': 0.6699999999999999, 'data_type': 'numerical'}, 'pathology_index': {'count': 1, 'mean': 0.4, 'std': nan, 'min': 0.4, 'max': 0.4, 'data_type': 'numerical'}}, 'Cory Booker': {'civic_character_index': {'count': 1, 'mean': 0.72, 'std': nan, 'min': 0.72, 'max': 0.72, 'data_type': 'numerical'}, 'virtue_index': {'count': 1, 'mean': 0.7200000000000001, 'std': nan, 'min': 0.7200000000000001, 'max': 0.7200000000000001, 'data_type': 'numerical'}, 'pathology_index': {'count': 1, 'mean': 0.27999999999999997, 'std': nan, 'min': 0.27999999999999997, 'max': 0.27999999999999997, 'data_type': 'numerical'}}, 'J.D. Vance': {'civic_character_index': {'count': 1, 'mean': 0.6, 'std': nan, 'min': 0.6, 'max': 0.6, 'data_type': 'numerical'}, 'virtue_index': {'count': 1, 'mean': 0.53, 'std': nan, 'min': 0.53, 'max': 0.53, 'data_type': 'numerical'}, 'pathology_index': {'count': 1, 'mean': 0.33, 'std': nan, 'min': 0.33, 'max': 0.33, 'data_type': 'numerical'}}, 'John Lewis': {'civic_character_index': {'count': 1, 'mean': 0.635, 'std': nan, 'min': 0.635, 'max': 0.635, 'data_type': 'numerical'}, 'virtue_index': {'count': 1, 'mean': 0.6799999999999999, 'std': nan, 'min': 0.6799999999999999, 'max': 0.6799999999999999, 'data_type': 'numerical'}, 'pathology_index': {'count': 1, 'mean': 0.41000000000000003, 'std': nan, 'min': 0.41000000000000003, 'max': 0.41000000000000003, 'data_type': 'numerical'}}, 'John McCain': {'civic_character_index': {'count': 1, 'mean': 0.7100000000000001, 'std': nan, 'min': 0.7100000000000001, 'max': 0.7100000000000001, 'data_type': 'numerical'}, 'virtue_index': {'count': 1, 'mean': 0.6, 'std': nan, 'min': 0.6, 'max': 0.6, 'data_type': 'numerical'}, 'pathology_index': {'count': 1, 'mean': 0.18, 'std': nan, 'min': 0.18, 'max': 0.18, 'data_type': 'numerical'}}, 'Mitt Romney': {'civic_character_index': {'count': 1, 'mean': 0.7150000000000001, 'std': nan, 'min': 0.7150000000000001, 'max': 0.7150000000000001, 'data_type': 'numerical'}, 'virtue_index': {'count': 1, 'mean': 0.64, 'std': nan, 'min': 0.64, 'max': 0.64, 'data_type': 'numerical'}, 'pathology_index': {'count': 1, 'mean': 0.21000000000000002, 'std': nan, 'min': 0.21000000000000002, 'max': 0.21000000000000002, 'data_type': 'numerical'}}, 'Steve King': {'civic_character_index': {'count': 1, 'mean': 0.385, 'std': nan, 'min': 0.385, 'max': 0.385, 'data_type': 'numerical'}, 'virtue_index': {'count': 1, 'mean': 0.06, 'std': nan, 'min': 0.06, 'max': 0.06, 'data_type': 'numerical'}, 'pathology_index': {'count': 1, 'mean': 0.2899999999999999, 'std': nan, 'min': 0.2899999999999999, 'max': 0.2899999999999999, 'data_type': 'numerical'}}}, 'provenance': {'input_columns': ['civic_character_index', 'virtue_index', 'pathology_index', 'speaker'], 'input_document_ids': ['alexandria_ocasio_cortez_2025_fighting_oligarchy.txt', 'bernie_sanders_2025_fighting_oligarchy.txt', 'cory_booker_2018_first_step_act.txt', 'jd_vance_2022_natcon_conference.txt', 'john_lewis_1963_march_on_washington.txt', 'john_mccain_2008_concession.txt', 'mitt_romney_2020_impeachment.txt', 'steve_king_2017_house_floor.txt'], 'filter_conditions': 'Grouped by speaker'}}",,,,,,,,Generic descriptive_stats_grouped result,
validate_extraction_success_rates,metric_validation,result_value,"{'type': 'metric_validation', 'validation_rules': ['missing_data_check'], 'results': {'missing_data_check': {'status': 'completed', 'missing_data_by_column': {'aid': 0, 'expert_categorization': 0, 'political_party': 0, 'speaker': 0, 'leadership_type': 0, 'date': 0, 'era': 0, 'ideology': 0, 'context': 0, 'dignity_score': 0, 'tribalism_score': 0, 'dignity_salience': 0, 'tribalism_salience': 0, 'dignity_confidence': 0, 'tribalism_confidence': 0, 'truth_score': 0, 'manipulation_score': 0, 'truth_salience': 0, 'manipulation_salience': 0, 'truth_confidence': 0, 'manipulation_confidence': 0, 'justice_score': 0, 'resentment_score': 0, 'justice_salience': 0, 'resentment_salience': 0, 'justice_confidence': 0, 'resentment_confidence': 0, 'hope_score': 0, 'fear_score': 0, 'hope_salience': 0, 'fear_salience': 0, 'hope_confidence': 0, 'fear_confidence': 0, 'pragmatism_score': 0, 'fantasy_score': 0, 'pragmatism_salience': 0, 'fantasy_salience': 0, 'pragmatism_confidence': 0, 'fantasy_confidence': 0, 'gasket_version': 0, 'extraction_time_seconds': 0, 'dignity_tribalism_tension': 0, 'truth_manipulation_tension': 0, 'justice_resentment_tension': 0, 'hope_fear_tension': 0, 'pragmatism_fantasy_tension': 0, 'virtue_index': 0, 'pathology_index': 0, 'civic_character_index': 0, 'salience_weighted_civic_character_index': 0}, 'total_missing': 0}}, 'quality_thresholds': {'missing_data_check': {'max_allowed_missing_percentage': 0.1}}, 'provenance': {'input_columns': ['missing_data_check'], 'input_document_ids': ['alexandria_ocasio_cortez_2025_fighting_oligarchy.txt', 'bernie_sanders_2025_fighting_oligarchy.txt', 'cory_booker_2018_first_step_act.txt', 'jd_vance_2022_natcon_conference.txt', 'john_lewis_1963_march_on_washington.txt', 'john_mccain_2008_concession.txt', 'mitt_romney_2020_impeachment.txt', 'steve_king_2017_house_floor.txt'], 'filter_conditions': 'Validation rules applied as specified'}}",,,,,,,,Generic metric_validation result,
